category,template_text
Billing,Thank you for reaching out to us regarding your billing concern. We’ve reviewed your account and would like to gather additional details to assist further. Could you please provide a copy of your recent invoice or clarify the charge in question?
Account Access,"Thank you for reaching out! I understand you're having trouble accessing your account. Could you please confirm if you're receiving any error messages, and ensure you're using the correct email address associated with your account? Let me know so I can assist you further."
Technical,"Thank you for reaching out to us! We're sorry to hear you're experiencing technical difficulties. Could you provide more details about the issue you're encountering so we can assist you further? For example, any error messages or specific steps where the problem occurs would be helpful."
General Inquiry,Thanks for contacting us about your general inquiry issue. We’ll look into it.
Shipping and Delivery,"Thank you for contacting us about your delivery. We’re sorry to hear there’s been an issue, and we’ll work to resolve this quickly for you. Could you provide your order number and confirm the delivery address so we can investigate further?"
Account Management,Thanks for contacting us about your account management issue. We’ll look into it.
Technical,"Thank you for reaching out. I'm sorry to hear you're experiencing technical difficulties. Can you please provide more details about the issue, such as any error messages you're seeing, the device or software version you're using, and the specific actions leading up to the problem? This will help us assist you more effectively."
Account Management,Thanks for contacting us about your account management issue. We’ll look into it.
Technical,"Thank you for reaching out. We're sorry to hear you're experiencing technical issues. Could you please provide more details about the problem, such as any error messages or steps to reproduce the issue? We're here to help resolve this as quickly as possible."
Technical Support,Thanks for contacting us about your technical support issue. We’ll look into it.
Technical,"Thank you for reaching out. We understand you're experiencing a technical issue and would like to help resolve this as quickly as possible. Could you please provide more details about the issue, such as any error messages or steps to reproduce the problem? This will help us assist you effectively."
General Inquiry,Thanks for contacting us about your general inquiry issue. We’ll look into it.
Account Access,"Thank you for reaching out! For assistance with accessing your account, please ensure you're using the email address associated with your account. If you've forgotten your password, you can reset it using the 'Forgot Password' link on the login page. Let us know if you need further help!"
Technical,Thank you for reaching out to us. We understand you're experiencing a technical issue and we'd like to help resolve it as quickly as possible. Please provide more details such as the exact error message you're seeing and the steps you've taken so far. This will help us pinpoint the problem and assist you effectively.
Shipping and Delivery,Thank you for reaching out. We're sorry to hear about the issue with your shipment. Could you please provide your order number so we can further assist you in tracking the package or resolving any delays?
Returns and Refunds,Thanks for contacting us about your returns and refunds issue. We’ll look into it.
General Inquiry,Thanks for contacting us about your general inquiry issue. We’ll look into it.
Technical,"Thank you for reaching out! We’re sorry to hear you’re experiencing technical difficulties. Could you please provide more details about the issue, such as any error messages you’re seeing or the steps to reproduce the problem? We’re here to help and will do our best to resolve this for you quickly."
Shipping and Delivery,Thanks for contacting us about your shipping and delivery issue. We’ll look into it.
Shipping and Delivery,Thanks for contacting us about your shipping and delivery issue. We’ll look into it.
Account Management,Thanks for contacting us about your account management issue. We’ll look into it.
Billing,Thank you for reaching out! I understand there’s some confusion regarding your recent bill. Could you please provide your account number or the invoice number so we can look into this for you? We’re here to help resolve this as quickly as possible.
General Inquiry,Thanks for contacting us about your general inquiry issue. We’ll look into it.
General Inquiry,Thanks for contacting us about your general inquiry issue. We’ll look into it.
Returns and Refunds,Thanks for contacting us about your returns and refunds issue. We’ll look into it.
Shipping and Delivery,Thanks for contacting us about your shipping and delivery issue. We’ll look into it.
Shipping and Delivery,Thanks for contacting us about your shipping and delivery issue. We’ll look into it.
Shipping and Delivery,Thank you for reaching out! I understand your concern regarding the delivery of your order. Could you please provide your order number so we can look into this for you and provide an update?
General Inquiry,Thanks for contacting us about your general inquiry issue. We’ll look into it.
General Inquiry,Thanks for contacting us about your general inquiry issue. We’ll look into it.
Technical,"Thank you for reaching out! We’re sorry to hear about the technical issue you’re experiencing. Could you please provide more details, such as the specific error message or steps leading to the issue? This information will help us investigate and resolve it as quickly as possible."
General Inquiry,Thank you for reaching out! Could you please provide us with more details about your question or concern so we can assist you more effectively? We're here to help.
Account Management,Thanks for contacting us about your account management issue. We’ll look into it.
General Inquiry,Thanks for contacting us about your general inquiry issue. We’ll look into it.
Returns and Refunds,Thanks for contacting us about your returns and refunds issue. We’ll look into it.
Shipping and Delivery,Thanks for contacting us about your shipping and delivery issue. We’ll look into it.
Product Issues,"Thank you for reaching out. We're sorry to hear you're experiencing an issue with our product. Can you provide more details about the problem so we can assist you more effectively? If possible, please include any error messages or screenshots as well."
Billing,Thank you for reaching out to us regarding your billing concern. I’ve reviewed your account and it looks like there may have been an issue with the recent invoice. Please let us know if you need further clarification or if anything else seems incorrect.
Billing,"Thank you for reaching out! I understand your concern regarding billing. Could you please provide more details about the issue you're experiencing, such as a specific charge or invoice number? This will help us resolve the matter as quickly as possible."
Technical,"Thank you for reaching out! We’re sorry to hear that you’re experiencing technical difficulties. Could you please provide more details about the issue, such as any error messages you’re seeing or the steps leading up to the problem? We’ll do our best to assist you promptly."
Returns and Refunds,Thanks for contacting us about your returns and refunds issue. We’ll look into it.
Product Issues,Thanks for contacting us about your product issues issue. We’ll look into it.
General Inquiry,Thanks for contacting us about your general inquiry issue. We’ll look into it.
Shipping and Delivery,Thanks for contacting us about your shipping and delivery issue. We’ll look into it.
Technical,"Thank you for contacting support. We understand you're experiencing a technical issue, and we'd be happy to assist you. Could you please provide more details about the problem you're facing, including any error messages or steps to reproduce the issue?"
Billing,"Thank you for reaching out. I understand you're having a billing issue, and I’d like to help. Could you please provide more details about the charge or invoice you're concerned about, so we can resolve this promptly for you?"
Account Management,Thanks for contacting us about your account management issue. We’ll look into it.
Shipping and Delivery,Thank you for reaching out. It seems there might be a delay with your shipment. Could you please share your order number so we can locate your package and provide an update?
Shipping and Delivery,Thanks for contacting us about your shipping and delivery issue. We’ll look into it.
Shipping and Delivery,Thanks for contacting us about your shipping and delivery issue. We’ll look into it.
